tmpl;count
"къызэры*р";"30742"
"къ*тэкъым";"23526"
"*ыртэкъым";"19697"
"къызэры*м";"18912"
"*нутэкъым";"16931"
"*эртэкъым";"14069"
"къызэ*нур";"11466"
"къызэры*э";"10422"
"къы*акъым";"10038"
"къызэрыз*";"9623"
"къызэрыт*";"9551"
"къызэры*и";"8774"
"къы*ркъым";"8726"
"къы*укъым";"8143"
"зэры*ынур";"7936"
"*жынукъым";"7833"
"къ*ыркъым";"7742"
"*фынукъым";"7722"
"къызэрыд*";"6940"
"къыт*къым";"6826"
"къызэрыс*";"6802"
"къып*къым";"6363"
"къыс*къым";"6332"
"къызэрып*";"6327"
"къызэ*кIэ";"6170"
"къызэры*у";"5590"
"къэзыгъэ*";"5489"
"къ*эркъым";"5394"
"къыщы*кIэ";"5181"
"зэры*мкIэ";"5047"
"*ыжыркъым";"4991"
"къыз*къым";"4894"
"къызэщIэ*";"4818"
"*эжыркъым";"4675"
"къызэры*щ";"4617"
"сыкъ*къым";"4570"
"с*ынукъым";"4474"
"къызэ*ауэ";"4354"
"къыкIэлъ*";"4320"
"укъызэры*";"4256"
"ху*тэкъым";"4224"
"къызэри*р";"4208"
"зэры*энур";"4105"
"сы*тэкъым";"4087"
"къазэры*р";"3985"
"*ынтэкъым";"3974"
"зэ*тэкъым";"3959"
"*ртэкъыми";"3921"
"къы*амкIэ";"3787"
"къыщIэкI*";"3734"
"сы*нукъым";"3717"
"литерату*";"3656"
"*энтэкъым";"3644"
"*Iэнукъым";"3597"
"*кIыркъым";"3591"
"къызэфIэ*";"3486"
"къызэ*ари";"3457"
"*тIысхьащ";"3435"
"къызэ*нум";"3426"
"къызэри*м";"3353"
"у*ынукъым";"3324"
"*Iатэкъым";"3165"
"*акIуэхэм";"3131"
"зыхуигъэ*";"3108"
"къы*хьауэ";"3026"
"зэрыбгъэ*";"3010"
"игъэ*къым";"2962"
"къызэрыб*";"2923"
"зэрызэ*ар";"2866"
"къы*ынкIэ";"2844"
"дызэрызэ*";"2767"
"пху*укъым";"2731"
"*гъэкIыну";"2724"
"къы*кIауэ";"2705"
"къызэ*эри";"2671"
"*эшхуэхэр";"2641"
"къыщигъэ*";"2561"
"къыIэщIэ*";"2555"
"зэкIуэцI*";"2551"
"къызэщIи*";"2515"
"зэры*ынум";"2509"
"*хьэркъым";"2503"
"къызбгъэ*";"2470"
"къызэра*р";"2457"
"къыщыщIэ*";"2444"
"*экIакъым";"2442"
"и*ртэкъым";"2431"
"къыщIы*ар";"2426"
"къы*хьэри";"2417"
"къы*ыжыну";"2395"
"щIэныгъэ*";"2395"
"я*ртэкъым";"2391"
"къы*энкIэ";"2387"
"*акIуэхэр";"2382"
"къызэ*ыну";"2381"
"*ыфыркъым";"2380"
"къы*экIыу";"2376"
"зэры*ыным";"2367"
"къа*акъым";"2362"
"къызэре*р";"2356"
"зэры*эным";"2353"
"къы*кIыну";"2352"
"щы*тэкъым";"2340"
"*жатэкъым";"2338"
"къы*эжауэ";"2337"
"къимыгъэ*";"2284"
"къыжьэдэ*";"2281"
"зэрыхуэ*р";"2250"
"*лъэгъуар";"2245"
"*лъагъуну";"2230"
"къы*эжыну";"2202"
"пхуэ*къым";"2171"
"ды*тэкъым";"2165"
"п*ынукъым";"2155"
"сыкъигъэ*";"2100"
"*атэкъыми";"2097"
"зэры*энум";"2091"
"зэрызэ*ым";"2085"
"къы*ымкIэ";"2083"
"у*энукъым";"2079"
"сыкъыщIэ*";"2077"
"лэжьакIу*";"2058"
"къыщIыхь*";"2041"
"*лъэгъуащ";"2024"
"къыщы*ауэ";"2013"
"къызэ*урэ";"2012"
"къ*кIыурэ";"1997"
"къысхуэ*э";"1988"
"къызгуры*";"1978"
"зэкIэлъы*";"1950"
"къа*ркъым";"1945"
"зэбгъэдэ*";"1944"
"къыщызэ*м";"1929"
"сызэры*ур";"1929"
"зэрыщымы*";"1920"
"къулыкъу*";"1918"
"къысхуэ*у";"1910"
"*эшхуэхэм";"1909"
"къыщIэмы*";"1905"
"схуэ*къым";"1903"
"къы*хьэну";"1903"
"зэрызэхэ*";"1899"
"тепсэлъы*";"1897"
"зэрызэфI*";"1892"
"къысхуэп*";"1892"
"зэрызэ*ам";"1891"
"схузэфIэ*";"1870"
"къызэ*эрэ";"1859"
"къигъэщI*";"1846"
"къ*энкъым";"1841"
"бгъэдыхь*";"1837"
"иригъэ*ащ";"1821"
"*гъэхьэну";"1812"
"лэжьыгъэ*";"1806"
"*тIысхьэу";"1805"
"къы*экIащ";"1804"
"къыщагъэ*";"1795"
"яхуэ*къым";"1790"
"сызэрыщы*";"1790"
"къыхуэмы*";"1785"
"къыкIэры*";"1781"
"къигъэ*ащ";"1780"
"къысху*ащ";"1780"
"къыбгуры*";"1780"
"къызэры*а";"1767"
"къызэри*и";"1753"
"гущIэгъу*";"1746"
"къыщI*ауэ";"1745"
"*щIыркъым";"1741"
"зэригъэ*р";"1734"
"къаIэщIэ*";"1703"
"*кIынкъым";"1698"
"зэрыхуэ*м";"1697"
"къыщIэ*ащ";"1684"
"*лъагъумэ";"1683"
"*ыжынкъым";"1679"
"*эжынкъым";"1668"
"сы*ыркъым";"1667"
"яхузэфIэ*";"1665"
"къыщы*хэм";"1660"
"сызэры*ар";"1655"
"зэрызэ*ыр";"1653"
"къыпхуэ*у";"1652"
"къакIэлъ*";"1650"
"дызэ*къым";"1634"
"*лъагъури";"1634"
"зэрызэ*эр";"1627"
"къы*кIырт";"1626"
"къытехьэ*";"1626"
"къызэ*ами";"1610"
"хъыджэбз*";"1605"
"къызэ*арщ";"1603"
"къы*лъхьэ";"1603"
"*плъыхьри";"1597"
"къызэри*у";"1590"
"зэгурыIу*";"1590"
"*лъхьэжащ";"1584"
"зытригъэ*";"1583"
"къы*щIауэ";"1583"
"къыщI*эри";"1581"
"къы*ыкIыу";"1573"
"къыщIэ*ри";"1570"
"*лъагъуэу";"1570"
"зэщхьэщы*";"1563"
"къигъэкI*";"1563"
"сызэры*эр";"1561"
"*гъэщIэну";"1557"
"щI*тэкъым";"1547"
"ды*нукъым";"1546"
"хьэлэмэт*";"1541"
"лъэныкъу*";"1536"
"къри*къым";"1532"
"къызэрыф*";"1527"
"къызыкъу*";"1526"
"*ыгъэшхуэ";"1524"
"къы*ыкIащ";"1520"
"къыщыхъу*";"1500"
"къыхигъэ*";"1494"
"къызэ*ащи";"1493"
"нэхъыжьы*";"1486"
"*гъэхэмрэ";"1483"
"сыкъы*ауэ";"1482"
"къигъэлъ*";"1478"
"къы*экIар";"1476"
"къызэ*хэм";"1473"
"*Iуэркъым";"1473"
"зэрыщызэ*";"1472"
"зэрызгъэ*";"1472"
"зыкъигъэ*";"1469"
"зыхуагъэ*";"1463"
"*хынукъым";"1463"
"къыпхуэ*щ";"1449"
"къызэ*ырт";"1446"
"*лъэгъуам";"1444"
"къытхуэ*э";"1441"
"къи*акъым";"1441"
"къы*атэмэ";"1439"
"къызэплъ*";"1436"
"зэрыкIуэ*";"1432"
"ягъэ*къым";"1419"
"иримыгъэ*";"1416"
"*щIэркъым";"1410"
"къызыхуэ*";"1409"
"*кIуэхэри";"1397"
"къысху*ри";"1396"
"къыху*ауэ";"1393"
"зэрызэ*рэ";"1392"
"*хъуакъым";"1389"
"*тынукъым";"1389"
"зэрагъэ*р";"1389"
"*гъэщIауэ";"1389"
"пхузэфIэ*";"1387"
"зэры*хьар";"1387"
"IэщIагъэ*";"1385"
"къыщы*ыну";"1377"
"къригъэ*у";"1373"
"нэхъыщхь*";"1369"
"*ысхьэжащ";"1363"
"кIуэцIры*";"1360"
"зэры*щIар";"1360"
"*гъакIуэу";"1358"
"*щIэхэмрэ";"1352"
"*экIынкIэ";"1346"
"укъысхуэ*";"1345"
"къызэри*щ";"1342"
"къыдигъэ*";"1341"
"къызэтри*";"1338"
"щхъуантI*";"1338"
"зыбгъэдэ*";"1336"
"къезыгъэ*";"1333"
"*кIуакъым";"1328"
"зэры*кIар";"1326"
"къысхуэ*и";"1326"
"къыхагъэ*";"1326"
"зэры*кIыр";"1324"
"къыдэкIу*";"1322"
"дызэры*ур";"1316"
"къыщIэлъ*";"1315"
"зэрызэра*";"1307"
"къыпхуэз*";"1306"
"сыбгъэдэ*";"1305"
"къызыфIэ*";"1304"
"Къэбэрде*";"1299"
"*эфыркъым";"1298"
"*гъэувэри";"1297"
"зэрызэри*";"1290"
"къы*хэмрэ";"1284"
"къызэхъу*";"1277"
"ехъулIэн*";"1274"
"къэ*акъым";"1268"
"къыщыщIи*";"1261"
"къэзы*хэм";"1260"
"лъэбакъу*";"1252"
"къигъэгу*";"1243"
"къысщхьэ*";"1239"
"зэры*эжар";"1237"
"къытхуэ*у";"1222"
"*лъыхъуэу";"1222"
"къытху*ащ";"1221"
"къыпхуэс*";"1217"
"къы*ыжауэ";"1216"
"къи*ркъым";"1215"
"къыщIэзы*";"1213"
"къра*къым";"1211"
"къыхэ*ауэ";"1208"
"тхузэфIэ*";"1207"
"зэрыщы*ар";"1206"
"лIыхъужь*";"1204"
"пщIантIэ*";"1202"
"зэщIигъэ*";"1197"
"цIыхугъэ*";"1194"
"сыху*къым";"1194"
"къигъэзэ*";"1190"
"*ратэкъым";"1181"
"къыдэкIы*";"1178"
"къызэ*хэр";"1174"
"къы*хьыну";"1172"
"лъагъуны*";"1171"
"къызэ*эну";"1163"
"къэкIуэж*";"1156"
"зэрызэ*эм";"1154"
"къытщхьэ*";"1153"
"*лъхьэнур";"1148"
"дызэгуры*";"1146"
"къы*эжырт";"1145"
"*гъэкIауэ";"1134"
"*хуэркъым";"1133"
"къыщIэ*ар";"1132"
"дыкъигъэ*";"1131"
"къыщIэ*рэ";"1131"
"*тIысхьар";"1128"
"зэры*эмрэ";"1123"
"*сынукъым";"1123"
"къыщыхуэ*";"1122"
"зэры*кIым";"1121"
"къыдбгъэ*";"1118"
"къикIуэт*";"1113"
"къехъулI*";"1113"
"нэгъуэщI*";"1110"
"зэфIигъэ*";"1103"
"къыхуищI*";"1099"
"*хьэлIэри";"1098"
"*хьыркъым";"1097"
"зыгъэ*хэм";"1097"
"*тIысхьэн";"1094"
"игъэкIуэ*";"1093"
"*лъагъуми";"1092"
"*кIуэжыну";"1091"
"къыте*ауэ";"1090"
"зэрыдгъэ*";"1087"
"тетIысхь*";"1078"
"зыщIигъэ*";"1075"
"къызэ*тар";"1074"
"къы*кIами";"1071"
"сыкIэлъы*";"1071"
"сыщI*къым";"1069"
"къы*энури";"1065"
"укъи*къым";"1065"
"*кIыжынущ";"1063"
"къыдэ*ауэ";"1063"
"къыхуэзы*";"1061"
"зэры*эжыр";"1061"
"къыщIэуп*";"1060"
"къигъэ*ри";"1060"
"зэры*хьам";"1059"
"зэрыIэщI*";"1053"
"къы*кIуэу";"1053"
"къысхуи*у";"1051"
"къехьэлъ*";"1045"
"зэри*ынур";"1043"
"къэзы*хэр";"1042"
"бгъэдэлъ*";"1041"
"*лъагъурэ";"1041"
"зыщызгъэ*";"1040"
"къыпкъры*";"1035"
"къызэпры*";"1035"
"*лъхьэжри";"1034"
"ирагъэ*ащ";"1033"
"къагъэ*ащ";"1032"
"къытхуэп*";"1032"
"*псэлъыхь";"1031"
"къыщIы*ри";"1028"
"зытрагъэ*";"1023"
"зэры*щIам";"1023"
"дызэрыщы*";"1022"
"сыщы*къым";"1021"
"тхьэмадэ*";"1020"
"зэры*ыжыр";"1019"
"зэныкъуэ*";"1019"
"къахуэмы*";"1015"
"и*ынукъым";"1011"
"сызэры*ри";"1009"
"къыкIэ*ащ";"1008"
"ягъэкIуэ*";"1004"
"*гъэнкъым";"1003"
"*лъагъуэр";"1003"
"къамыгъэ*";"1002"
"ирихьэлI*";"1002"
"иригъэ*ри";"1002"
"зэры*амрэ";"1001"
"къыщI*кIэ";"998"
"къызы*хэм";"998"
"иригъэлъ*";"997"
"зэры*хуэр";"996"
"*гъэхьауэ";"993"
"ЩIэныгъэ*";"990"
"згъэ*къым";"987"
"къыщыщIа*";"983"
"къы*хьырт";"982"
"*хьэлIауэ";"979"
"*плъэкIыу";"978"
"зэрызэры*";"974"
"*гъаплъэу";"973"
"*нэнукъым";"972"
"тегушхуэ*";"971"
"сыкъыщIы*";"970"
"*гъуафIэщ";"970"
"къыIэщIи*";"968"
"*хьэнкъым";"968"
"те*тэкъым";"967"
"къысхуэ*т";"966"
"*щIагъуэу";"964"
"зэхэ*къым";"962"
"зэщIэ*ауэ";"959"
"зэрыщI*ар";"959"
"къы*гъэкI";"957"
"*лъэгъуэн";"957"
"къаригъэ*";"956"
"пащтыхьы*";"956"
"*ыжтэкъым";"956"
"къыщI*урэ";"954"
"лъэхъэнэ*";"950"
"*псэлъэну";"946"
"зэрыхуэп*";"946"
"зэ*нымкIэ";"945"
"сщыгъупщ*";"943"
"къыщIи*ри";"943"
"*гъэувауэ";"936"
"къыдагъэ*";"935"
"*лIэркъым";"934"
"*гъуэтыну";"933"
"сызэры*рэ";"932"
"къызжепI*";"930"
"сызэры*ам";"927"
"*хъуэжыну";"927"
"зэры*кIам";"926"
"къы*хуауэ";"924"
"*лъагъунщ";"919"
"къилъытэ*";"917"
"хуэмыгъэ*";"916"
"*гъэщIыну";"915"
"игъэтIыс*";"912"
"IуэхущIа*";"908"
"къы*хьэмэ";"907"
"зэры*ыжым";"906"
"зэрызэте*";"902"
"зыбгъэди*";"901"
"кърагъэ*у";"899"
"*гъэшхуэм";"898"
"дыкъыщIэ*";"896"
"*гъуафIэу";"894"
"зригъэщI*";"893"
"сыкъагъэ*";"891"
"сызэрымы*";"891"
"къы*хьэрт";"889"
"зэрызэхи*";"889"
"сыкъэкIу*";"887"
"къы*щIэну";"886"
"*кIуэкIащ";"884"
"*кIуэкIар";"884"
"хуэ*акъым";"883"
"къигъуэт*";"882"
"къы*хъуащ";"881"
"зэры*ыжар";"881"
"къэувыIэ*";"880"
"зэрызэгу*";"879"
"къыдэхъу*";"879"
"къы*кIуар";"878"
"*плъэкIри";"876"
"къы*щIыну";"876"
"зригъэ*ащ";"875"
"дызэры*ри";"874"
"къиутIып*";"872"
"къы*хъуар";"871"
"зыщыдгъэ*";"868"
"къыдгуры*";"867"
"къы*лъхьа";"867"
"къыфIэщI*";"866"
"дызэры*рэ";"866"
"къы*кIари";"865"
"къэтэджы*";"863"
"зэ*щIынур";"862"
"хьэ*хэмрэ";"862"
"псалъэма*";"861"
"къыщI*ари";"860"
"*ыгъэмкIэ";"860"
"*гъэувэну";"856"
"къиIуэтэ*";"854"
"къащ*къым";"853"
"къызжиIэ*";"852"
"зэры*ымрэ";"850"
"*щIыхьауэ";"849"
"*кIуэдауэ";"848"
"зэ*хэмкIэ";"847"
"къызэхуэ*";"847"
"къы*ыжырт";"844"
"къыщыгъэ*";"841"
"зэфIагъэ*";"836"
"*пIэхэмрэ";"836"
"къы*хъуэу";"836"
"нэхъыщIэ*";"835"
"*пщIакъым";"835"
"зэры*хьэу";"833"
"къагъэлъ*";"833"
"къыжьэхэ*";"832"
"*мылъхьэу";"831"
"*гъапцIэу";"827"
"дыкъы*ауэ";"827"
"зэры*щIэр";"826"
"*щIэкIыну";"824"
"къытримы*";"823"
"къызыщIэ*";"823"
"къы*хьэрэ";"821"
"къы*кIуэр";"820"
"къызэ*хар";"819"
"дызэры*ар";"819"
"къызыхуи*";"819"
"зыхуэгъэ*";"817"
"и*атэкъым";"814"
"*щIынкъым";"812"
"*хьэзыращ";"811"
"зэхуихьэ*";"810"
"зэры*лъыр";"805"
"къэз*къым";"804"
"къэ*хэмрэ";"804"
"бгъэ*къым";"801"
"хэ*тэкъым";"801"
"иригъэхь*";"798"
"къицIыху*";"798"
"къы*хьащи";"798"
"*лъхьэурэ";"798"
"*утIыпщыж";"796"
"*хьэзырын";"792"
"ирагъэлъ*";"792"
"зыхузэфI*";"792"
"*пщкIуауэ";"790"
"къимы*ауэ";"790"
"къыщы*эну";"789"
"къыдэ*хэм";"789"
"къызэра*у";"789"
"ягъэтIыс*";"788"
"къыщIимы*";"786"
"къы*плъэу";"785"
"*лъагъурт";"784"
"къызэриу*";"783"
"срихьэлI*";"782"
"къилъагъ*";"780"
"зэригъэ*у";"780"
"къы*хьэжу";"779"
"*гъэсэбэп";"779"
"зэрагъэ*у";"777"
"къыщылъэ*";"777"
"къупщхьэ*";"777"
"*щIэфынур";"774"
"къаутIып*";"774"
"сы*ынкъым";"773"
"къэ*эжыну";"772"
"ирамыгъэ*";"772"
"зэщIэгъэ*";"772"
"къыт*хьащ";"772"
"*щIэращIэ";"770"
"къы*хьами";"769"
"зэбгрыкI*";"768"
"зытезгъэ*";"765"
"*кIуэкIым";"764"
"*тIысхьэж";"764"
"*лъагъуэм";"761"
"щызэхуэс*";"761"
"зэрытемы*";"759"
"зэрыщI*ам";"759"
"*щIэкIауэ";"758"
"къэ*укъым";"758"
"*плъыхьащ";"757"
"тхуэ*къым";"757"
"*эгъуахэр";"754"
"*кIуатэри";"753"
"къагъэзэ*";"753"
"къалъытэ*";"753"
"къыпэщIэ*";"753"
"ныбжьыщI*";"753"
"къу*хэмрэ";"752"
"*лъхьэным";"752"
"къызы*хэр";"752"
"лъагапIэ*";"752"
"зэребгъэ*";"750"
"зэрыщы*ам";"749"
"щIыналъэ*";"749"
"зэрыхэмы*";"748"
"*кIуэхэми";"748"
"зэры*хьыр";"747"
"*хьэжынущ";"746"
"гъэтIылъ*";"743"
"*лъыхъуэр";"739"
"щхьэ*къым";"736"
"къызэ*ати";"736"
"зэры*эжым";"736"
"*эгъуахэм";"735"
"къыхуи*ащ";"735"
"*гъэгъуну";"734"
"къызэ*там";"732"
"къыщи*кIэ";"732"
"къысIэры*";"732"
"щекIуэкI*";"730"
"къагъэщI*";"729"
"зэры*хьэм";"726"
"зэры*щIыр";"726"
"къы*кIыжу";"725"
"*гъэшхуэр";"725"
"къыдэлъэ*";"724"
"къыщIи*ащ";"717"
"зэры*гъэр";"715"
"*хьэзырри";"715"
"сыкъи*ауэ";"714"
"къыщыкIу*";"714"
"*шхуитIыр";"712"
"*лъхьэжын";"712"
"зэрыри*ар";"711"
"сы*ащэрэт";"709"
"*кIуэдыну";"708"
"къыхуимы*";"706"
"къыщыхуа*";"705"
"*кIуэкIыр";"704"
"зримыгъэ*";"703"
"къэпсэлъ*";"703"
"дыкъагъэ*";"703"
"щызэрихь*";"701"
"*лъэгъуат";"701"
"*кIуэкIыу";"701"
"къысхуэн*";"700"
"*дыгъуауэ";"700"
"ящыгъупщ*";"698"
"зыужьыны*";"697"
"*гъэцIыху";"697"
"дызэрыщI*";"697"
"*щIыкIауэ";"696"
"*гъэджэну";"693"
"хуэзыгъэ*";"691"
"*хъункъым";"690"
"дыхьэшхы*";"690"
"къы*хъуам";"690"
"къэзгъэ*у";"688"
"*гъэзэжын";"687"
"текIуэны*";"686"
"къыжьэди*";"686"
"къыщыкъу*";"686"
"къы*Iуатэ";"684"
"*эжыхукIэ";"684"
"къы*нэнур";"684"
"къыхуащI*";"682"
"сыкъэплъ*";"681"
"къигъэ*ат";"678"
"*лъэдэжри";"678"
"къэмыкIу*";"677"
"цIыхухъу*";"676"
"зэры*хьэр";"676"
"*псалъэри";"676"
"къытIэры*";"675"
"ирихьэжь*";"675"
"*рихьэлIа";"674"
"*Iуэтэжащ";"674"
"къиубыды*";"673"
"зэрызы*ар";"672"
"къыщы*ами";"672"
"сыте*къым";"672"
"къыIэщIа*";"670"
"телъыджэ*";"670"
"*кIуэнкIэ";"670"
"къы*кIыжа";"669"
"купщIафI*";"669"
"зэры*хьым";"668"
"сыкъэ*ауэ";"668"
"*мылъагъу";"667"
"къы*дзэри";"667"
"кIуэдыжы*";"666"
"*гъуэтауэ";"665"
"*плъакъым";"664"
"*гъэкIуэн";"663"
"*гъащIэри";"662"
"*гъэкIыжу";"662"
"къагъэ*ри";"660"
"зэхэзэры*";"660"
"къы*хынур";"659"
"*шхуитIым";"658"
"къызэ*хыу";"658"
"къемыхъу*";"658"
"зэрызэдэ*";"656"
"*гъэкIуащ";"655"
"*гъуэхэри";"654"
"цIыхубзы*";"654"
"*хьэлIэну";"652"
"*хъуапсэу";"652"
"зэкIэщIэ*";"650"
"*лъхьэнущ";"649"
"хэкIуэдэ*";"649"
"къулейсы*";"648"
"нэщхъыфI*";"648"
"*гъуитIым";"643"
"урихьэлI*";"642"
"кIуэ*къым";"642"
"*гъэзэжащ";"642"
"хэплъыхь*";"637"
"*щIэгъуэн";"636"
"дызэры*ам";"635"
"къыдэплъ*";"635"
"къыпщхьэ*";"634"
"къы*гъауэ";"634"
"къыплъыс*";"633"
"зэрызехь*";"632"
"урысыбзэ*";"632"
"*шхуэмкIэ";"630"
"*хатэкъым";"627"
"зыгъэкIу*";"627"
"иутIыпщы*";"627"
"зэры*щIым";"624"
"къэс*къым";"623"
"*щIэнкъым";"623"
"*кIуэкIын";"621"
"щIегъуэж*";"621"
"*гъэхьэри";"618"
"*гъэкIуар";"616"
"дыщы*къым";"616"
"*гъащIэрт";"615"
"къагъуэт*";"615"
"къащыхъу*";"612"
"къыщыхуи*";"612"
"къакIэры*";"611"
"*эжтэкъым";"611"
"зы*гъащIэ";"611"
"*гурыIуэн";"608"
"*пхъуэтащ";"608"
"къысхуэф*";"607"
"*гъэплъащ";"603"
"гугъуехь*";"601"
"икIуэтыж*";"601"
"къегъэ*ри";"601"
"къы*увэри";"599"
"*хьынкъым";"599"
"зэдэлэжь*";"596"
"зэфIэувэ*";"593"
"зэхуахьэ*";"592"
"къахуищI*";"592"
"къыщы*хэр";"591"
"къэзылъы*";"591"
"зэры*лъым";"589"
"адыгэбзэ*";"587"
"къытелъэ*";"585"
"къысхудэ*";"584"
"къемыкIу*";"583"
"дызэкъуэ*";"583"
"я*атэкъым";"580"
"къэкIуэн*";"580"
"*лъхьэныр";"579"
"къы*кIуащ";"578"
"къыдихьэ*";"577"
"къэгъэщI*";"576"
"къытри*ащ";"576"
"сыкъыщIи*";"574"
"къызэ*кIа";"574"
"*хьэкIыну";"573"
"*гъэпщкIу";"572"
"*гъэзащIэ";"571"
"къы*щIэмэ";"568"
"зэрыщы*рэ";"567"
"къыздикI*";"567"
"щIэзыгъэ*";"566"
"къы*хыжри";"566"
"*хъуркъым";"565"
"къытрихь*";"564"
"еплъыкIэ*";"564"
"*гъуэшхуэ";"564"
"къы*дзауэ";"562"
"зэрыщы*эм";"560"
"къыхуихь*";"558"
"зрагъэщI*";"557"
"*гъэзэжмэ";"557"
"Iэуэлъау*";"556"
"*нэжакъым";"555"
"*лъагъужу";"555"
"къэгубжь*";"554"
"къытехъу*";"553"
"еплъ*къым";"551"
"къыщекIу*";"550"
"щIэтлъхь*";"549"
"къы*хьамэ";"548"
"*кIуэжынщ";"548"
"къызэре*у";"548"
"*Iэпыкъуу";"547"
"щхьэукъу*";"547"
"*гъэгугъэ";"546"
"зыхи*къым";"544"
"къыщалъы*";"543"
"къы*кIуэм";"543"
"къызы*кIа";"543"
"*мыгъуэту";"542"
"къы*хыурэ";"540"
"къы*кIухь";"540"
"Къулыкъу*";"535"
"зэрекIуэ*";"534"
"*бзэрабзэ";"532"
"къыхуэ*рэ";"532"
"зыкъиIэт*";"531"
"кърилъхь*";"531"
"*гурыIуэр";"530"
"*блэгъэну";"528"
"губзыгъэ*";"528"
"къыщIи*ар";"527"
"*гъуэтынщ";"527"
"зэрыте*ар";"526"
"къы*щIами";"526"
"*хуэхъуар";"525"
"зэхалъхь*";"525"
"къызогъэ*";"525"
"къыхэплъ*";"524"
"къыдэгъэ*";"524"
"*гъэзэжри";"523"
"ирагъэ*ри";"523"
"зэры*хуар";"517"
"къытхуэн*";"514"
"зэрамыщI*";"513"
"къэзлэжь*";"513"
"*гушхуэри";"513"
"*зэрыхьащ";"513"
"*гъакIуэр";"512"
"зигъэпсэ*";"510"
"зэхилъхь*";"509"
"хуэныкъу*";"508"
"къызытри*";"508"
"*пэлъэщын";"507"
"къызэщыу*";"506"
"къыщи*ауэ";"505"
"зэщIикъу*";"505"
"щы*хьэкIэ";"504"
"*гъэлажьэ";"504"
"къэ*ымкIэ";"502"
"тригъэ*ащ";"502"
"зыгъэ*хэр";"501"
"игъэзэщI*";"501"
"къыкъуэу*";"500"
"зэкIэщIи*";"500"
"*убгъуауэ";"500"
"иригъэщI*";"499"
"*гъэпцIащ";"498"
"*лъхьэрти";"498"
"къы*лъадэ";"498"
"зэрыхэ*ар";"497"
"етIысэхы*";"497"
"дэ*тэкъым";"496"
"*цIыхуауэ";"496"
"*лъыхъуэн";"495"
"зэхэлъхь*";"494"
"*хъуапсэр";"494"
"*быдакъым";"494"
"къы*гъэщI";"492"
"къыхэ*хэм";"491"
"щызэбгры*";"491"
"*благъэри";"490"
"хъумакIу*";"488"
"фIэлIыкI*";"486"
"*гурыIуэу";"485"
"къахуэзы*";"485"
"къызигъэ*";"484"
"къепсэлъ*";"483"
"*гъуэтыжу";"480"
"къы*хыным";"479"
"зэтрикъу*";"475"
"къыхуэ*ащ";"475"
"къыхуамы*";"475"
"зэры*хуам";"471"
"*гушхуэрт";"471"
"зыхуэкIу*";"469"
"къэзгъэн*";"468"
"сыздэкIу*";"468"
"къытралъ*";"468"
"зыхуэсщI*";"467"
"къысщыщI*";"466"
"къигъэIэ*";"466"
"*хыжакъым";"463"
"*бэлэрыгъ";"461"
"*гъэтIылъ";"460"
"къэIуэтэ*";"459"
"*дэнукъым";"458"
"*лъагъунт";"458"
"иригъэ*ат";"457"
"къы*хыжащ";"457"
"*гъэщIэнщ";"457"
"*гъэувыну";"457"
"къохъулI*";"455"
"къы*кIуэн";"453"
"къы*гъэна";"453"
"кIэрахъу*";"452"
"мыкIуэщI*";"452"
"къыщы*хым";"451"
"*гъэпсэху";"449"
"къыщы*кIи";"445"
"фIэщыгъэ*";"444"
"зыхилъхь*";"444"
"зыхимыщI*";"443"
"къыди*ауэ";"439"
"гъэщIэрэ*";"439"
"*лъыхъуащ";"438"
"*гъэхъуащ";"436"
"*кIуэжауэ";"436"
"къытхыхь*";"433"
"зэра*ыным";"432"
"*дэкIуэну";"426"
"*гъэгуфIэ";"425"
"къипсэлъ*";"425"
"*гъэкIырт";"422"
"зэримы*ри";"422"
"мыхьэнэн*";"421"
"къытхуэф*";"421"
"зэхуэхъу*";"419"
"хущIэкъу*";"419"
"*хуэхъуам";"419"
"гъунэгъу*";"417"
"къыкъу*ри";"415"
"къалъхуа*";"414"
"къыще*кIэ";"413"
"хъарзынэ*";"413"
"*гурыIуащ";"409"
"*щыгугъыр";"408"
"зэгуигъэ*";"407"
"къыпщыщI*";"406"
"къыхуэщI*";"403"
"къы*кIуам";"403"
"*хуэхъуну";"402"
"къызэ*хащ";"402"
"къызыхуа*";"402"
"къыпэкIу*";"401"
"къахэхъу*";"401"
"*гъэзагъэ";"401"
"лъэдакъэ*";"400"
"къыхэпхы*";"399"
"*кIыхукIэ";"397"
"*лътэкъым";"396"
"щызэхыхь*";"393"
"къэмыхъу*";"392"
"дыкъэкIу*";"391"
"къыздихь*";"391"
"*хэракъым";"386"
"*гузавэри";"384"
"*гъуэтыжа";"383"
"къикIухь*";"382"
"зыхуэхъу*";"381"
"уэздыгъэ*";"379"
"къэблэжь*";"373"
"гъэпщкIу*";"371"
"гъуэлъыж*";"370"
"акъылыфI*";"369"
"насыпыфI*";"368"
"сыхэ*къым";"362"
"НэгъуэщI*";"361"
"*гъэгугъа";"359"
"къри*кIыу";"352"
"зэбгъуры*";"351"
"къыхэхъу*";"350"
"сыгъуэлъ*";"348"
"*гупсысын";"348"
"къы*хъури";"345"
"*хуэкIуар";"343"
"*гъуэкъым";"341"
"*хуэхъуащ";"339"
"сегупсыс*";"339"
"*гупсысыр";"339"
"*хуэкIуэм";"337"
"къыджепI*";"336"
"зэрыхэлъ*";"326"
"гъэмахуэ*";"321"
"КъэкIуэж*";"307"
"загъэпсэ*";"305"
"зэрыIыгъ*";"303"
"*унэхъуащ";"302"
"къытекIу*";"299"
"къыдэхуэ*";"287"
"къыхуахь*";"287"
"щыгъуазэ*";"282"
"къытехуэ*";"278"
"игъуэтыж*";"273"
"*агъымкIэ";"270"
"къы*гъанэ";"270"
"къы*гъуэт";"268"
"*гупсысар";"256"
"зэдэпсэу*";"220"
"щыбгъуэт*";"220"
"*гъэджэгу";"212"
"дегупсыс*";"203"
"*ужэгъуащ";"203"
"уегупсыс*";"186"
"спектакл*";"123"
"*гъунэгъу";"121"
